{
  "schemaVersion": 1,
  "id": "peripheralworks",
  "version": "${version}",
  "name": "Unlimited Peripheral Works",
  "description": "Peripheral mod, that provides a lot extra features, new peripherals and even some items",
  "authors": [
    "SirEdvin"
  ],
  "accessWidener": "peripheralworks.accesswidener",
  "contact": {
    "homepage": "https://docs.siredvin.site/UnlimitedPeripheralWorks/",
    "issues": "https://github.com/SirEdvin/UnlimitedPeripheralWorks/issues",
    "sources": "https://github.com/SirEdvin/UnlimitedPeripheralWorks/"
  },
  "license": "MIT",
  "icon": "pack.png",
  "environment": "*",
  "entrypoints": {
    "main": [
      {
        "adapter": "kotlin",
        "value": "site.siredvin.peripheralworks.FabricPeripheralWorks"
      }
    ],
    "client": [
      {
        "adapter": "kotlin",
        "value": "site.siredvin.peripheralworks.FabricPeripheralWorksClient"
      }
    ],
    "fabric-datagen": [
      {
        "adapter": "kotlin",
        "value": "site.siredvin.peripheralworks.data.FabricDataGenerators"
      }
    ]
  },
  "mixins": [
    "peripheralworks.mixins.json"
  ],
  "depends": {
    "fabricloader": ">=0.13.3",
    "fabric": "*",
    "minecraft": ">=1.20 <1.21",
    "java": ">=17",
    "computercraft": ">=${computercraftVersion}",
    "peripheralium": ">=${peripheraliumVersion}"
  },
  "custom": {
    "modmenu": {
      "links": {
        "modmenu.discord": "https://discord.gg/dYHKMQYRPp"
      }
    }
  }
}
