{
	"credit": "Made with Blockbench",
	"elements": [
		{
			"name": "Base",
			"from": [3, 0, 3],
			"to": [13, 1, 13],
			"faces": {
				"north": {"uv": [3, 0, 13, 1], "texture": "#texture"},
				"east": {"uv": [3, 0, 13, 1], "texture": "#texture"},
				"south": {"uv": [3, 0, 13, 1], "texture": "#texture"},
				"west": {"uv": [3, 0, 13, 1], "texture": "#texture"},
				"up": {"uv": [3, 3, 13, 13], "texture": "#texture"},
				"down": {"uv": [3, 3, 13, 13], "texture": "#texture"}
			}
		},
		{
			"name": "Pillar",
			"from": [6, 1, 6],
			"to": [10, 9, 10],
			"faces": {
				"north": {"uv": [6, 4, 10, 12], "texture": "#texture"},
				"east": {"uv": [6, 4, 10, 12], "texture": "#texture"},
				"south": {"uv": [6, 4, 10, 12], "texture": "#texture"},
				"west": {"uv": [6, 4, 10, 12], "texture": "#texture"},
				"up": {"uv": [6, 6, 10, 10], "texture": "#texture"},
				"down": {"uv": [6, 6, 10, 10], "texture": "#texture"}
			}
		},
		{
			"name": "Holder",
			"from": [4, 9, 4],
			"to": [12, 10, 12],
			"faces": {
				"north": {"uv": [4, 0, 12, 1], "texture": "#texture"},
				"east": {"uv": [4, 0, 12, 1], "texture": "#texture"},
				"south": {"uv": [4, 0, 12, 1], "texture": "#texture"},
				"west": {"uv": [4, 0, 12, 1], "texture": "#texture"},
				"up": {"uv": [4, 4, 12, 12], "texture": "#texture"},
				"down": {"uv": [4, 4, 12, 12], "texture": "#texture"}
			}
		},
		{
			"name": "Holder 2",
			"from": [5, 10, 5],
			"to": [11, 11, 11],
			"faces": {
				"north": {"uv": [4, 0, 10, 1], "texture": "#texture"},
				"east": {"uv": [4, 0, 10, 1], "texture": "#texture"},
				"south": {"uv": [4, 0, 10, 1], "texture": "#texture"},
				"west": {"uv": [4, 0, 10, 1], "texture": "#texture"},
				"up": {"uv": [16, 16, 0, 0], "texture": "#top"},
				"down": {"uv": [11, 5, 5, 11], "texture": "#texture"}
			}
		}
	],
	"display": {
		"thirdperson_righthand": {
			"rotation": [75, 45, 0],
			"translation": [0, 2.5, 0],
			"scale": [0.375, 0.375, 0.375]
		},
		"thirdperson_lefthand": {
			"rotation": [75, 45, 0],
			"translation": [0, 2.5, 0],
			"scale": [0.375, 0.375, 0.375]
		},
		"firstperson_righthand": {
			"rotation": [0, 45, 0],
			"scale": [0.4, 0.4, 0.4]
		},
		"firstperson_lefthand": {
			"rotation": [0, 225, 0],
			"scale": [0.4, 0.4, 0.4]
		},
		"ground": {
			"translation": [0, 3, 0],
			"scale": [0.25, 0.25, 0.25]
		},
		"gui": {
			"rotation": [30, 225, 0],
			"scale": [0.625, 0.625, 0.625]
		},
		"head": {
			"rotation": [0, 180, 0],
			"translation": [0, 13, 7]
		},
		"fixed": {
			"scale": [0.5, 0.5, 0.5]
		}
	},
	"groups": [
		{
			"name": "VoxelShapes",
			"origin": [8, 8, 8],
			"color": 0,
			"nbt": "{}",
			"children": [0, 1, 2, 3]
		}
	]
}