{
	"credit": "Made with Blockbench",
	"textures": {
		"0": "peripheralworks:block/peripheral_casing",
		"1": "peripheralworks:item/entity_card_active",
		"2": "peripheralworks:item/entity_card",
		"3": "peripheralworks:block/entity_link",
		"particle": "peripheralworks:block/peripheral_casing"
	},
	"elements": [
		{
			"name": "layer1",
			"from": [4, 10, 7],
			"to": [12, 14, 9],
			"faces": {
				"north": {"uv": [4, 4, 12, 10], "texture": "#1"},
				"east": {"uv": [7, 4, 9, 10], "texture": "#2"},
				"south": {"uv": [4, 4, 12, 10], "texture": "#1"},
				"west": {"uv": [7, 4, 9, 10], "texture": "#2"},
				"up": {"uv": [4, 5, 12, 7], "texture": "#2"},
				"down": {"uv": [0, 0, 8, 2], "texture": "#missing"}
			}
		},
		{
			"name": "layer2",
			"from": [5, 14, 7],
			"to": [11, 15, 9],
			"faces": {
				"north": {"uv": [5, 3, 11, 4], "texture": "#1"},
				"east": {"uv": [7, 3, 9, 4], "texture": "#1"},
				"south": {"uv": [5, 3, 11, 4], "texture": "#1"},
				"west": {"uv": [7, 3, 9, 4], "texture": "#1"},
				"up": {"uv": [5, 5, 11, 7], "texture": "#2"},
				"down": {"uv": [0, 0, 6, 2], "texture": "#missing"}
			}
		},
		{
			"name": "layer3",
			"from": [6, 15, 7],
			"to": [10, 16, 9],
			"faces": {
				"north": {"uv": [6, 2, 10, 3], "texture": "#1"},
				"east": {"uv": [7, 3, 9, 2], "texture": "#1"},
				"south": {"uv": [6, 2, 10, 3], "texture": "#1"},
				"west": {"uv": [7, 2, 9, 3], "texture": "#1"},
				"up": {"uv": [6, 2, 10, 4], "texture": "#2"},
				"down": {"uv": [0, 0, 4, 2], "texture": "#missing"}
			}
		},
		{
			"name": "bottom",
			"from": [0, 0, 0],
			"to": [16, 10, 16],
			"faces": {
				"north": {"uv": [0, 6, 16, 16], "texture": "#3"},
				"east": {"uv": [0, 6, 16, 16], "texture": "#3"},
				"south": {"uv": [0, 6, 16, 16], "texture": "#3"},
				"west": {"uv": [0, 6, 16, 16], "texture": "#3"},
				"up": {"uv": [0, 0, 16, 16], "texture": "#0"},
				"down": {"uv": [0, 0, 16, 16], "texture": "#0"}
			}
		},
		{
			"from": [0, 10, 0],
			"to": [16, 13, 3],
			"faces": {
				"north": {"uv": [0, 3, 16, 6], "texture": "#3"},
				"east": {"uv": [13, 3, 16, 6], "texture": "#0"},
				"south": {"uv": [0, 0, 16, 3], "texture": "#0"},
				"west": {"uv": [0, 3, 3, 6], "texture": "#0"},
				"up": {"uv": [0, 0, 16, 3], "texture": "#0"},
				"down": {"uv": [0, 0, 16, 3], "texture": "#missing"}
			}
		},
		{
			"from": [0, 10, 3],
			"to": [3, 13, 13],
			"faces": {
				"north": {"uv": [0, 0, 3, 3], "texture": "#missing"},
				"east": {"uv": [3, 4, 13, 7], "texture": "#0"},
				"south": {"uv": [0, 0, 3, 3], "texture": "#missing"},
				"west": {"uv": [3, 3, 13, 6], "texture": "#3"},
				"up": {"uv": [0, 3, 3, 13], "texture": "#0"},
				"down": {"uv": [0, 0, 3, 10], "texture": "#missing"}
			}
		},
		{
			"from": [13, 10, 3],
			"to": [16, 13, 13],
			"faces": {
				"north": {"uv": [0, 0, 3, 3], "texture": "#missing"},
				"east": {"uv": [3, 3, 13, 6], "texture": "#3"},
				"south": {"uv": [0, 0, 3, 3], "texture": "#missing"},
				"west": {"uv": [3, 3, 13, 6], "texture": "#0"},
				"up": {"uv": [13, 3, 16, 13], "texture": "#0"},
				"down": {"uv": [0, 0, 3, 10], "texture": "#missing"}
			}
		},
		{
			"from": [0, 10, 13],
			"to": [16, 13, 16],
			"faces": {
				"north": {"uv": [0, 3, 16, 6], "texture": "#0"},
				"east": {"uv": [0, 3, 3, 6], "texture": "#0"},
				"south": {"uv": [0, 3, 16, 6], "texture": "#3"},
				"west": {"uv": [13, 3, 16, 6], "texture": "#0"},
				"up": {"uv": [0, 13, 16, 16], "texture": "#0"},
				"down": {"uv": [0, 0, 16, 3], "texture": "#missing"}
			}
		}
	],
	"display": {
		"thirdperson_righthand": {
			"rotation": [75, 45, 0],
			"translation": [0, 2.5, 0],
			"scale": [0.375, 0.375, 0.375]
		},
		"thirdperson_lefthand": {
			"rotation": [75, 45, 0],
			"translation": [0, 2.5, 0],
			"scale": [0.375, 0.375, 0.375]
		},
		"firstperson_righthand": {
			"rotation": [0, 45, 0],
			"scale": [0.4, 0.4, 0.4]
		},
		"firstperson_lefthand": {
			"rotation": [0, 225, 0],
			"scale": [0.4, 0.4, 0.4]
		},
		"ground": {
			"translation": [0, 3, 0],
			"scale": [0.25, 0.25, 0.25]
		},
		"gui": {
			"rotation": [30, 225, 0],
			"scale": [0.625, 0.625, 0.625]
		},
		"fixed": {
			"scale": [0.5, 0.5, 0.5]
		}
	},
	"groups": [
		{
			"name": "Chip",
			"origin": [0, 0, 0],
			"color": 0,
			"nbt": "{}",
			"children": [0, 1, 2]
		},
		{
			"name": "VoxelShapes",
			"origin": [8, 8, 8],
			"color": 0,
			"nbt": "{}",
			"children": [3, 4, 5, 6, 7]
		}
	]
}