{
	"credit": "Made with Blockbench",
	"elements": [
		{
			"name": "basis",
			"from": [0, 0, 0],
			"to": [16, 4, 16],
			"color": 9,
			"faces": {
				"north": {"uv": [0, 0, 16, 4], "texture": "#missing"},
				"east": {"uv": [0, 0, 16, 4], "texture": "#missing"},
				"south": {"uv": [0, 0, 16, 4], "texture": "#missing"},
				"west": {"uv": [0, 0, 16, 4], "texture": "#missing"},
				"up": {"uv": [0, 0, 16, 16], "texture": "#missing"},
				"down": {"uv": [0, 0, 16, 16], "texture": "#missing"}
			}
		},
		{
			"name": "segment_1",
			"from": [7.5, 4, 7.5],
			"to": [8.5, 8, 8.5],
			"color": 0,
			"faces": {
				"north": {"uv": [0, 0, 1, 4], "texture": "#missing"},
				"east": {"uv": [0, 0, 1, 4], "texture": "#missing"},
				"south": {"uv": [0, 0, 1, 4], "texture": "#missing"},
				"west": {"uv": [0, 0, 1, 4], "texture": "#missing"},
				"up": {"uv": [0, 0, 1, 1], "texture": "#missing"},
				"down": {"uv": [0, 0, 1, 1], "texture": "#missing"}
			}
		},
		{
			"name": "segment_2",
			"from": [7.5, 7, 8.5],
			"to": [8.5, 8, 11.5],
			"rotation": {"angle": 0, "axis": "x", "origin": [7.5, 8, 7.5]},
			"color": 0,
			"faces": {
				"north": {"uv": [0, 0, 1, 1], "texture": "#missing"},
				"east": {"uv": [0, 0, 3, 1], "texture": "#missing"},
				"south": {"uv": [0, 0, 1, 1], "texture": "#missing"},
				"west": {"uv": [0, 0, 3, 1], "texture": "#missing"},
				"up": {"uv": [0, 0, 1, 3], "texture": "#missing"},
				"down": {"uv": [0, 0, 1, 3], "texture": "#missing"}
			}
		},
		{
			"name": "segment_3",
			"from": [7.5, 7, 11.5],
			"to": [8.5, 15, 12.5],
			"color": 0,
			"faces": {
				"north": {"uv": [0, 0, 1, 8], "texture": "#missing"},
				"east": {"uv": [0, 0, 1, 8], "texture": "#missing"},
				"south": {"uv": [0, 0, 1, 8], "texture": "#missing"},
				"west": {"uv": [0, 0, 1, 8], "texture": "#missing"},
				"up": {"uv": [0, 0, 1, 1], "texture": "#missing"},
				"down": {"uv": [0, 0, 1, 1], "texture": "#missing"}
			}
		},
		{
			"name": "segment_4",
			"from": [7.5, 14, 9.5],
			"to": [8.5, 15, 11.5],
			"rotation": {"angle": 0, "axis": "x", "origin": [7.5, 8, 7.5]},
			"color": 0,
			"faces": {
				"north": {"uv": [0, 0, 1, 1], "texture": "#missing"},
				"east": {"uv": [0, 0, 2, 1], "texture": "#missing"},
				"south": {"uv": [0, 0, 1, 1], "texture": "#missing"},
				"west": {"uv": [0, 0, 2, 1], "texture": "#missing"},
				"up": {"uv": [0, 0, 1, 2], "texture": "#missing"},
				"down": {"uv": [0, 0, 1, 2], "texture": "#missing"}
			}
		},
		{
			"name": "dish",
			"from": [4, 11, 9],
			"to": [12, 19, 10],
			"rotation": {"angle": 0, "axis": "x", "origin": [8, 15, 9.5]},
			"color": 6,
			"faces": {
				"north": {"uv": [0, 0, 8, 8], "texture": "#missing"},
				"east": {"uv": [0, 0, 1, 8], "texture": "#missing"},
				"south": {"uv": [0, 0, 8, 8], "texture": "#missing"},
				"west": {"uv": [0, 0, 1, 8], "texture": "#missing"},
				"up": {"uv": [0, 0, 8, 1], "texture": "#missing"},
				"down": {"uv": [0, 0, 8, 1], "texture": "#missing"}
			}
		},
		{
			"name": "dish_border_1",
			"from": [4, 11, 7.5],
			"to": [12, 12, 9],
			"color": 6,
			"faces": {
				"north": {"uv": [0, 0, 8, 1], "texture": "#missing"},
				"east": {"uv": [0, 0, 1.5, 1], "texture": "#missing"},
				"south": {"uv": [0, 0, 8, 1], "texture": "#missing"},
				"west": {"uv": [0, 0, 1.5, 1], "texture": "#missing"},
				"up": {"uv": [0, 0, 8, 1.5], "texture": "#missing"},
				"down": {"uv": [0, 0, 8, 1.5], "texture": "#missing"}
			}
		},
		{
			"name": "dish_border_2",
			"from": [4, 18, 7.5],
			"to": [12, 19, 9],
			"color": 6,
			"faces": {
				"north": {"uv": [0, 0, 8, 1], "texture": "#missing"},
				"east": {"uv": [0, 0, 1.5, 1], "texture": "#missing"},
				"south": {"uv": [0, 0, 8, 1], "texture": "#missing"},
				"west": {"uv": [0, 0, 1.5, 1], "texture": "#missing"},
				"up": {"uv": [0, 0, 8, 1.5], "texture": "#missing"},
				"down": {"uv": [0, 0, 8, 1.5], "texture": "#missing"}
			}
		},
		{
			"name": "dish_border_3",
			"from": [4, 12, 7.5],
			"to": [5, 18, 9],
			"color": 6,
			"faces": {
				"north": {"uv": [0, 0, 1, 6], "texture": "#missing"},
				"east": {"uv": [0, 0, 1.5, 6], "texture": "#missing"},
				"south": {"uv": [0, 0, 1, 6], "texture": "#missing"},
				"west": {"uv": [0, 0, 1.5, 6], "texture": "#missing"},
				"up": {"uv": [0, 0, 1, 1.5], "texture": "#missing"},
				"down": {"uv": [0, 0, 1, 1.5], "texture": "#missing"}
			}
		},
		{
			"name": "dish_border_4",
			"from": [11, 12, 7.5],
			"to": [12, 18, 9],
			"color": 6,
			"faces": {
				"north": {"uv": [0, 0, 1, 6], "texture": "#missing"},
				"east": {"uv": [0, 0, 1.5, 6], "texture": "#missing"},
				"south": {"uv": [0, 0, 1, 6], "texture": "#missing"},
				"west": {"uv": [0, 0, 1.5, 6], "texture": "#missing"},
				"up": {"uv": [0, 0, 1, 1.5], "texture": "#missing"},
				"down": {"uv": [0, 0, 1, 1.5], "texture": "#missing"}
			}
		}
	],
	"display": {
		"thirdperson_righthand": {
			"rotation": [75, 45, 0],
			"translation": [0, 2.5, 0],
			"scale": [0.375, 0.375, 0.375]
		},
		"thirdperson_lefthand": {
			"rotation": [75, 45, 0],
			"translation": [0, 2.5, 0],
			"scale": [0.375, 0.375, 0.375]
		},
		"firstperson_righthand": {
			"rotation": [0, 45, 0],
			"scale": [0.4, 0.4, 0.4]
		},
		"firstperson_lefthand": {
			"rotation": [0, 225, 0],
			"scale": [0.4, 0.4, 0.4]
		},
		"ground": {
			"translation": [0, 3, 0],
			"scale": [0.25, 0.25, 0.25]
		},
		"gui": {
			"rotation": [30, 225, 0],
			"scale": [0.625, 0.625, 0.625]
		},
		"fixed": {
			"scale": [0.5, 0.5, 0.5]
		}
	},
	"groups": [
		{
			"name": "VoxelShapes",
			"origin": [0, 0, 0],
			"color": 0,
			"nbt": "{}",
			"children": []
		},
		0,
		1,
		2,
		3,
		4,
		5,
		6,
		7,
		8,
		9
	]
}