{
	"credit": "Made with Blockbench",
	"textures": {
		"0": "peripheralworks:block/peripheral_casing",
		"1": "peripheralworks:block/golden_casing",
		"particle": "peripheralworks:block/peripheral_casing"
	},
	"elements": [
		{
			"name": "floor_1",
			"from": [0, 0, 0],
			"to": [16, 2, 16],
			"faces": {
				"north": {"uv": [0, 14, 16, 16], "texture": "#1"},
				"east": {"uv": [0, 14, 16, 16], "texture": "#1"},
				"south": {"uv": [0, 14, 16, 16], "texture": "#1"},
				"west": {"uv": [0, 14, 16, 16], "texture": "#1"},
				"up": {"uv": [0, 0, 16, 16], "texture": "#1"},
				"down": {"uv": [0, 0, 16, 16], "texture": "#1"}
			}
		},
		{
			"name": "floor_2",
			"from": [2, 2, 2],
			"to": [14, 4, 14],
			"faces": {
				"north": {"uv": [2, 14, 14, 16], "texture": "#1"},
				"east": {"uv": [2, 14, 14, 16], "texture": "#1"},
				"south": {"uv": [2, 14, 14, 16], "texture": "#1"},
				"west": {"uv": [2, 14, 14, 16], "texture": "#1"},
				"up": {"uv": [2, 2, 14, 14], "texture": "#1"},
				"down": {"uv": [2, 2, 14, 14], "texture": "#1"}
			}
		},
		{
			"name": "floor_3",
			"from": [4, 4, 4],
			"to": [12, 6, 12],
			"faces": {
				"north": {"uv": [4, 14, 12, 16], "texture": "#1"},
				"east": {"uv": [4, 14, 12, 16], "texture": "#1"},
				"south": {"uv": [4, 14, 12, 16], "texture": "#1"},
				"west": {"uv": [4, 14, 12, 16], "texture": "#1"},
				"up": {"uv": [4, 4, 12, 12], "texture": "#1"},
				"down": {"uv": [4, 4, 12, 12], "texture": "#1"}
			}
		},
		{
			"name": "floor_4",
			"from": [6, 6, 6],
			"to": [10, 8, 10],
			"faces": {
				"north": {"uv": [6, 14, 10, 16], "texture": "#1"},
				"east": {"uv": [6, 14, 10, 16], "texture": "#1"},
				"south": {"uv": [6, 14, 10, 16], "texture": "#1"},
				"west": {"uv": [6, 14, 10, 16], "texture": "#1"},
				"up": {"uv": [6, 6, 10, 10], "texture": "#1"},
				"down": {"uv": [6, 6, 10, 10], "texture": "#1"}
			}
		},
		{
			"name": "floor_5",
			"from": [7, 8, 7],
			"to": [9, 14, 9],
			"faces": {
				"north": {"uv": [1, 5, 3, 11], "texture": "#0"},
				"east": {"uv": [1, 5, 3, 11], "texture": "#0"},
				"south": {"uv": [1, 5, 3, 11], "texture": "#0"},
				"west": {"uv": [1, 5, 3, 11], "texture": "#0"},
				"up": {"uv": [0, 0, 2, 2], "texture": "#missing"},
				"down": {"uv": [0, 0, 2, 2], "texture": "#missing"}
			}
		},
		{
			"name": "floor_6",
			"from": [6.5, 14, 6.5],
			"to": [9.5, 16, 9.5],
			"color": 0,
			"faces": {
				"north": {"uv": [0, 0, 3, 2], "texture": "#missing"},
				"east": {"uv": [0, 0, 3, 2], "texture": "#missing"},
				"south": {"uv": [0, 0, 3, 2], "texture": "#missing"},
				"west": {"uv": [0, 0, 3, 2], "texture": "#missing"},
				"up": {"uv": [0, 0, 3, 3], "texture": "#missing"},
				"down": {"uv": [0, 0, 3, 3], "texture": "#missing"}
			}
		}
	],
	"groups": [
		{
			"name": "VoxelShapes",
			"origin": [8, 8, 8],
			"color": 0,
			"nbt": "{}",
			"children": [0, 1, 2, 3, 4, 5]
		}
	]
}